Date,Close,High,Low,Open,Volume,RSI_14,MACD_12_26_9,MACDh_12_26_9,MACDs_12_26_9
2024-09-16,494.05499267578125,499.7582237587493,492.70168810522006,498.69493198891155,7531604,55.67702504246651,5.4694579540787345,0.04451598684638203,5.4249419672323524
2024-09-17,490.8166809082031,496.42324074641687,489.3667054845452,494.00661504032036,10486015,52.18066230793704,4.853483371963023,-0.4571668762154637,5.3106502481784865
2024-09-18,490.4300231933594,495.3116247847134,488.25506007340243,490.91334833112757,5429619,51.7626876184253,4.284727361748423,-0.8207383091440512,5.105465670892475
2024-09-19,491.29998779296875,497.6315351077344,490.57500010807996,492.9916257243759,13925311,52.6810935508085,3.859690884634688,-0.9966198290062298,4.856310713640918
2024-09-20,497.24493408203125,500.0965052453006,491.0583486099196,494.9249497800765,23808194,58.49635042534446,3.9569407460276125,-0.7194959740906448,4.676436720118257
2024-09-23,499.7098693847656,502.12649506222397,496.4715555771812,498.2598939782906,7804918,60.6553952723229,4.184673331143074,-0.39341071118014703,4.578084042323221
2024-09-24,498.0665588378906,500.5315052621945,497.0032671253364,499.75819683491403,6755320,58.47156493660575,4.18431741168348,-0.3150133045117922,4.4993307161952725
2024-09-25,500.28985595703125,501.98149399891065,495.21494183139305,498.30823462218876,8476223,60.541481223048265,4.3137110636430975,-0.14849572204174066,4.462206785684838
2024-09-26,505.3164367675781,506.2830870531211,499.75819762570615,500.38654391116955,15489991,64.81183348471855,4.766909561448301,0.2437622206107699,4.523147340837531
2024-09-27,505.26812744140625,510.8746874239907,502.89982238851684,502.89982238851684,17251962,64.73931745241198,5.063802118479089,0.4325238221132457,4.631278296365843
2024-09-30,500.869873046875,506.863057665298,496.90657144476273,503.2381190656139,10531347,58.33938192836486,4.887845200139168,0.2052535230186594,4.6825916771205085
2024-10-01,498.9848937988281,502.4164905442214,496.8582513510915,500.86987367295035,5089315,55.79370326694643,4.543916561138133,-0.110940092785901,4.654856653924034
2024-10-03,495.6499328613281,498.50156299756435,491.1550149430481,491.5899898707249,15870147,51.51106722425274,3.956637506380787,-0.5585753180345971,4.515212824415384
2024-10-04,486.7567138671875,500.09647530567753,484.8234133978513,492.9916196807263,18228912,42.20716600625883,2.7419981276921135,-1.4185717573786167,4.16056988507073
2024-10-07,493.18499755859375,497.7765865087185,489.85004220541475,490.0917047817371,16479772,49.33119870378926,2.2719073063508404,-1.5109300629759121,3.7828373693267525
2024-10-08,491.010009765625,495.45657734726376,489.12502996484244,492.9916309922325,9502367,47.210696198307936,1.7042085505178193,-1.6629030550471464,3.3671116055649657
2024-10-09,475.30194091796875,492.79828688702605,474.1902695278187,492.79828688702605,23952459,35.38172897377949,-0.013056178230101523,-2.7041342270360538,2.6910780488059522
2024-10-10,475.6402587890625,479.1202056993322,473.12699165925847,478.83022241507035,12799333,35.75509255876865,-1.3313543984641,-3.217945957816042,1.8865915593519418
2024-10-11,471.9186706542969,477.4769096719384,471.1453327432518,476.55858012126765,14394986,33.46449421517154,-2.6459158250849555,-3.626005907549518,0.9800900824645624
2024-10-14,480.3768615722656,482.35848281798064,472.3536466631737,474.62528068863423,6712103,42.483117259149225,-2.970962501202507,-3.1608420669336557,0.18987956573114861
2024-10-15,481.9234924316406,482.74515108177496,478.0085705395885,481.39184656969684,8037662,43.97844302889271,-3.068393617627123,-2.6066185466866174,-0.46177507094050574
2024-10-16,476.7519226074219,482.2134907059612,475.9302639820182,479.4585315501135,6682083,40.2137033440951,-3.522307969833321,-2.448426319114252,-1.073881650719069
2024-10-17,472.5953063964844,478.49187888472574,471.7253270621135,478.49187888472574,7385299,37.43956500760052,-4.1693805307553475,-2.4763991040290225,-1.6929814267263248
2024-10-18,470.4687194824219,475.1569499040525,462.4455041787358,472.4503408255961,21778099,36.06864606338121,-4.798474165297478,-2.4843941908569223,-2.3140799744405554
2024-10-21,467.5204162597656,471.33869678197664,461.43053111023625,470.4687174034476,7395274,34.19896454970499,-5.471862607098785,-2.526226106126584,-2.9456365009722014
2024-10-22,465.7320861816406,472.11198383477785,464.76543591600847,467.52039507302516,12299288,33.07888498668253,-6.079747545145722,-2.5072888353388163,-3.5724587098069054
2024-10-23,464.3304748535156,467.18207552233656,463.5088162032423,464.95879164496256,10162570,32.18905159617827,-6.598535251612361,-2.4208612334443647,-4.1776740181679966
2024-10-24,455.96893310546875,466.3120730438384,454.3256158863755,465.9254188451766,13092399,27.445790538545538,-7.596813448812441,-2.7353115445155556,-4.861501904296885
2024-10-25,466.2154235839844,477.0419186439185,458.3855798261637,459.9321966920179,30961625,39.258005839525275,-7.474983013018516,-2.0907848869773042,-5.384198126041212
2024-10-28,468.00372314453125,469.69536112000964,460.1255293301254,465.8771102466821,8614446,41.06151164675802,-7.151690450081901,-1.4139938592325514,-5.73769659084935
2024-10-29,471.6770324707031,472.88534536308646,465.2487842833624,468.82540224474775,6866704,44.693987702440005,-6.523870285578482,-0.6289389557833065,-5.894931329795176
2024-10-30,475.15692138671875,476.80023862132936,470.27534939539123,471.67700406607815,6393835,47.96577754140865,-5.680044313985434,0.17190961264779325,-5.851953926633227
2024-10-31,472.4986572265625,476.55860030699887,468.5354145764058,475.5919500021165,7810874,45.73978057135917,-5.166252510681488,0.5485611327613915,-5.71481364344288
2024-11-01,473.9486083984375,475.6885965579633,472.98195814308696,474.62527537711276,1461602,47.17968604581772,-4.589168782009665,0.9005158891465719,-5.489684671156237
2024-11-04,468.4387512207031,476.993612457211,463.55714940221503,476.993612457211,8429731,42.557953397068545,-4.524272202134455,0.772329975217426,-5.296602177351881
2024-11-05,464.18548583984375,468.87371619478006,461.0438723649797,466.8437741647287,7327830,39.35318613427461,-4.761160471051369,0.4283533650404099,-5.189513836091779
2024-11-06,465.0554504394531,468.24538452807076,462.0588287047917,464.1854710970869,11313985,40.342747636111746,-4.823099568711939,0.2931314139038719,-5.116230982615811
2024-11-07,461.9621887207031,466.60212802382017,460.2222299194262,465.6837984065852,8924280,37.97039273226691,-5.063419174714284,0.04224944632122263,-5.105668621035506
2024-11-08,462.107177734375,464.66882470473314,458.7722518009831,461.962186085067,6090462,38.15397430868916,-5.18243490852899,-0.06141302999478704,-5.1210218785342025
2024-11-11,461.04388427734375,465.44213145586406,458.28892495131566,462.10717603491,5488948,37.28253288073579,-5.301442897024174,-0.14433681479197613,-5.157106082232198
2024-11-12,457.0805969238281,462.01051931786475,455.43727962587394,461.6721858153653,5041916,34.15144929525354,-5.650427145304832,-0.39465685045810694,-5.255770294846725
2024-11-13,456.4523010253906,458.8689268683886,452.6340203935229,454.3739792005506,11120381,33.668713919535335,-5.909575991037684,-0.5230445569527671,-5.386531434084917
2024-11-14,450.41070556640625,457.1772574633165,446.8340877638236,455.48561948908895,11639562,29.369676280877623,-6.5272178755503205,-0.9125491531723231,-5.614668722377997
2024-11-18,450.99066162109375,452.1989744316741,446.59241479051093,450.45901578436815,8135260,30.289847992847196,-6.890476784973487,-1.0206464500763914,-5.869830334897095
2024-11-19,451.7640075683594,457.95056336878537,450.7006863761397,452.39232434109033,6857374,31.57007549517328,-7.034865977076095,-0.932028513743199,-6.102837463332896
2024-11-21,441.9041748046875,448.57405591524866,440.2125367947714,445.6257843264681,19559847,25.212547625496818,-7.854361365403008,-1.401219121656089,-6.453142243746919
2024-11-22,458.820556640625,460.60886558641363,440.30920939058007,440.9858763970382,19464568,45.493337207606984,-7.057452803927333,-0.48344844814433063,-6.574004355783003
2024-11-25,460.89886474609375,466.1188001189178,456.64560920142304,463.0255072683426,13891991,47.3812577752881,-6.186876471805874,0.3097023071817029,-6.496578778987577
2024-11-26,461.0921936035156,466.5537619045145,458.28891363041964,463.9921445066824,6539846,47.563203440602386,-5.418873038106597,0.8621645927047847,-6.281037630811381
2024-11-27,461.04388427734375,464.08882690092145,457.22560369392255,461.5755301561269,7067013,47.518986631335395,-4.7592611427022575,1.2174211904872987,-5.976682333189556
2024-11-28,459.0622253417969,467.6654071825174,454.85729060228294,461.0921968884408,14412539,45.64447917481076,-4.346315656629088,1.3042933412483757,-5.650608997877463
2024-11-29,460.85052490234375,462.9288171220221,456.83893210625286,457.41892817914174,8346687,47.65135939896377,-3.8305958304412115,1.4560105339490015,-5.286606364390213
2024-12-02,461.2855224609375,463.31546443607334,457.61223372057333,460.12553033243825,5478598,48.15281696719661,-3.348187661882662,1.5507349620060413,-4.898922623888703
2024-12-03,456.79058837890625,457.6122470355152,447.3174272198851,450.45904070117,22218251,43.51427273325008,-3.290646799477315,1.2866206595291105,-4.577267459006426
2024-12-04,451.5223388671875,462.25216257048396,450.84567189047095,458.57887391089014,13439484,38.797049833253425,-3.628323899103407,0.7591548479224155,-4.387478747025822
2024-12-05,451.90899658203125,456.983910447391,447.0757452816887,451.95731729510476,26415053,39.317005956236066,-3.8206928187192375,0.45342874264526856,-4.274121561364506
2024-12-06,455.437255859375,459.1105444808137,452.10233022260456,454.3256139804515,7551407,43.992813149804114,-3.6464119692999475,0.5021676736516465,-4.148579642951594
2024-12-09,449.4440612792969,456.25893398055933,447.51076071158263,455.7756088386308,11703384,38.55797756780788,-3.946402188031186,0.16174196393632645,-4.108144151967513
2024-12-10,449.9273681640625,450.8940184086949,447.1724090668954,449.8306972396344,8823805,39.21018357544448,-4.097909620012786,0.008187625563781609,-4.106097245576567
2024-12-11,449.7340393066406,452.58566941061065,449.20239345666494,451.61901913805474,6745816,39.03170127311638,-4.1853344442939715,-0.06338975897392274,-4.121944685320049
2024-12-12,445.2391052246094,452.2956401573543,443.83745058051835,449.9756854876727,12884401,35.03823656538458,-4.5647037981316885,-0.3542072902493114,-4.210496507882377
2024-12-13,454.32562255859375,458.5788778059858,436.5875843736284,444.6591199509641,31753858,46.87181657831644,-4.0850606977364805,0.10034864811671795,-4.1854093458531985
2024-12-16,454.42230224609375,458.5788866475853,452.39233075938785,454.56729388803876,9007264,46.98247901401056,-3.6550062058572053,0.42432251199679527,-4.0793287178540005
2024-12-17,453.890625,459.93218922106183,447.60739821009577,454.3256294238466,19844152,46.40996773826385,-3.318829433208748,0.6083994277162019,-3.92722886092495
2024-12-18,454.8089294433594,457.9988633759763,451.3289827442531,456.9355717316531,12365167,47.59770857580854,-2.9443665995186166,0.786289809125067,-3.7306564086436835
2024-12-19,450.99066162109375,458.53055125901005,449.7823488105133,453.35896652976106,14599270,43.30042318978548,-2.922021167497462,0.6469081929169773,-3.5689293604144394
2024-12-20,449.154052734375,451.8606912546216,443.9824677669532,450.94236167635785,19481288,41.36585035749268,-3.0177247867348456,0.4409636589436752,-3.4586884456785207
2024-12-23,458.43389892578125,461.7688542181605,452.00568041276495,455.4856273483291,18837469,52.83267074106764,-2.3180435980851257,0.9125158780747165,-3.230559476159842
2024-12-24,462.49383544921875,464.2337941426918,456.88724615946916,459.06220927622303,11564497,56.812073368960405,-1.4195742991470865,1.4487881416102044,-2.868362440757291
2024-12-26,461.04388427734375,465.7804649695564,460.12555466872544,464.52380184724575,8848065,55.02654140001529,-0.815133496890553,1.6425831550933903,-2.4577166519839433
2024-12-27,462.63885498046875,465.82878927741564,460.12555821629667,463.75049696274857,16279450,56.64086865973521,-0.2050453649942483,1.8021370295917558,-2.007182394586004
2024-12-30,461.0921936035156,465.39379924314346,460.1255433024601,464.7171322324741,13074810,54.59437499268002,0.15190021670599663,1.7272660890336007,-1.575365872327604
2024-12-31,467.5204162597656,468.4870665692037,458.7238925439138,462.4938523505834,13276195,60.91513711913463,0.9426200699131755,2.0143887537926237,-1.0717686838794482
2025-01-01,467.8104248046875,470.6137047766384,466.0704365636025,469.7920461211115,18229128,61.177707378832864,1.5745224021358695,2.117032868812254,-0.5425104666763847
2025-01-02,472.74029541015625,473.6586249523407,466.215406188874,469.16370716653336,26124980,65.42932510058128,2.4449253329216276,2.3899486396784098,0.0549766932432178
2025-01-03,465.5387878417969,474.625294712291,463.84714982601986,473.9003069912437,37072992,55.813531801997634,2.5245233178798685,1.9756372997093206,0.5488860181705479
2025-01-06,427.88775634765625,446.35078327762176,426.53445180563205,440.4058897359901,22009958,30.541467433346796,-0.44538417284366005,-0.7954161528113664,0.35003197996770635
2025-01-07,426.38946533203125,432.6726924603659,425.4711357210362,430.6427208727847,14294780,29.960102951180048,-2.886680958299735,-2.5893703506139527,-0.2973106076857819
2025-01-08,434.5576171875,436.97424286310576,422.5228390228783,428.2260697173429,13482926,37.00065831826815,-4.114890759479465,-3.0540641214349464,-1.0608266380445186
2025-01-09,435.08929443359375,445.2874430291975,431.17434312214294,434.4126274415429,19732649,37.44147384398103,-4.9878570540547,-3.1416243328081452,-1.846232721246555
2025-01-10,430.0627136230469,436.92593666981674,427.74275879733165,434.94431534989513,9145729,34.951493670477234,-6.0159441352150225,-3.3357691311747737,-2.6801750040402488
2025-01-13,424.4078063964844,429.19273722630277,420.4928844446885,420.4928844446885,17799607,32.345383580734065,-7.20397140906681,-3.619037124021249,-3.584934285045561
2025-01-14,422.0395202636719,426.77610075945154,421.3145325500375,426.29277561702855,18048459,31.29301517984069,-8.241588578274047,-3.725323434582789,-4.516265143691259
2025-01-15,422.7645263671875,427.066102621971,420.8312257133989,422.0395386220168,9786805,32.02216204866075,-8.902780020782473,-3.5092119016729715,-5.393568119109501
2025-01-16,418.41455078125,424.79444808982385,416.72291290775513,423.4411141911693,15774070,29.96726054943352,-9.666357921104236,-3.418231841595788,-6.248126079508448
2025-01-17,425.51947021484375,427.0660870817343,418.0762511686735,418.5595763145332,11270061,37.07042953805639,-9.587670589945958,-2.671635608350008,-6.91603498159595
2025-01-20,423.10284423828125,426.48612025732217,421.4595269433882,424.35947781685184,8742771,35.742512111451056,-9.609539048394481,-2.154803253438824,-7.454735794955657
2025-01-21,422.95782470703125,432.09268179319355,420.7345408288311,423.39282913963933,15686500,35.65996040604897,-9.528730549120326,-1.659195803331734,-7.869534745788592
2025-01-22,422.4261779785156,427.2111087280882,421.99117354679964,425.2294579278358,9619648,35.337734089227894,-9.399240090150442,-1.2237642754894793,-8.175475814660963
2025-01-23,425.51947021484375,427.1144372962157,419.6228975353898,420.49287689797217,8888248,38.802669306547585,-8.943915249140446,-0.6147515475835856,-8.32916370155686
2025-01-24,426.8727722167969,430.15937728937985,424.40779628749044,424.74612978757085,9665384,40.3096469304448,-8.377298587234407,-0.03850790854203723,-8.33879067869237
2025-01-27,425.42279052734375,430.15937095928996,421.9911643624925,426.09942801772166,10480203,39.1959475720692,-7.95356841894835,0.3081778077952144,-8.261746226743565
2025-01-28,420.9278869628906,427.06609279760266,420.00955737353587,425.32613404915026,20813072,35.885961919826464,-7.889514942738174,0.29778502720431277,-8.187299969942487
2025-01-29,418.89788818359375,422.90948078709505,415.7562748977468,421.4111847122362,15158510,34.4702043803901,-7.911358817642906,0.2207529218396651,-8.132111739482571
2025-01-30,421.65289306640625,423.3928518906835,417.0613039191899,418.55960015677164,22496695,38.04267160705051,-7.6185425601200905,0.41085534348998465,-8.029397903610075
2025-01-31,432.5760192871094,433.2526863127406,420.5895611889515,421.94286574038716,13546181,49.741627930872106,-6.430946619268411,1.2787610274733314,-7.709707646741743
2025-02-01,447.1240539550781,455.775585349662,424.8910985721678,433.05930484973186,30393007,60.45231948241264,-4.266679836036474,2.7544222485642162,-7.02110208460069
2025-02-03,439.19757080078125,449.68573248191484,437.21591998094135,446.59243971426656,16991730,53.73319541229718,-3.1547181368552515,3.093107158196351,-6.2478252950516024
2025-02-04,439.9708557128906,444.9974488165376,433.78430000828064,442.7258148273928,18923681,54.26723181331087,-2.1858853238600204,3.249551976953266,-5.435437300813287
2025-02-05,433.2043151855469,440.64753410889205,431.6093481304944,439.9708671159242,12836283,48.9435879807725,-1.9416989133086986,2.7949907100036713,-4.73668962331237
2025-02-06,426.38946533203125,434.9926473462472,423.5861852824319,434.9926473462472,17469129,44.236754165848986,-2.2718918971935977,1.971838180895018,-4.243730078088616
2025-02-07,416.48126220703125,430.64268233677166,414.1129573168095,425.32610601162634,18875982,38.44747864866145,-3.295097568075562,0.7589060080104435,-4.054003576086005
2025-02-10,412.9530029296875,418.84954591665235,412.2763359476629,412.7596610777305,12227140,36.610126229298544,-4.340660043818787,-0.22932517418622478,-4.111334869632562
2025-02-11,404.34979248046875,416.1912581807673,403.5764840713996,414.4996202235818,14288751,32.52816476792793,-5.796662702600088,-1.3482622663740207,-4.448400436226067
2025-02-12,402.48419189453125,406.3136281355489,400.2258148708563,405.6753937562897,13884574,31.70268482918455,-7.020169530978137,-2.057415275801656,-4.962754255176481
2025-02-13,402.287841796875,406.46095206462076,401.60049400188456,402.5333188714483,12989029,31.611757853941917,-7.9144188256061625,-2.3613316563437445,-5.553087169262418
2025-02-14,402.8278503417969,408.6702162817502,401.01131412778494,404.30071268308313,14124236,32.18780587809997,-8.481771080484918,-2.3429471289780004,-6.138823951506918
2025-02-17,401.2077331542969,403.95706437920165,399.39119682530554,402.3860051226291,11975265,31.335024382097178,-8.958859590512589,-2.2560285112045353,-6.702831079308053
2025-02-18,397.9183349609375,403.4170273840887,396.69094959708514,400.6185827614127,12998403,29.619194070702296,-9.492953753787958,-2.2320981395839237,-7.260855614204035
2025-02-19,399.0475158691406,401.40408972956527,397.1818961448654,397.4764566403701,7079032,31.015648113243202,-9.713144678163701,-1.961831251167733,-7.751313426995968
2025-02-20,394.7762145996094,396.5927509227199,389.03207509597695,392.71423117033765,15355585,28.696232106856986,-10.115698413313396,-1.8915079890539417,-8.224190424259454
2025-02-21,393.6470031738281,395.9544935060131,391.9777771631228,394.7761916445472,8240986,28.097995654203075,-10.405890445891202,-1.7453600173053978,-8.660530428585805
2025-02-24,394.6289367675781,396.10179920634647,391.53593163925717,392.7633170048975,7037625,29.474836171033694,-10.436332344894936,-1.420641533047304,-9.015690811847632
2025-02-25,397.52557373046875,399.63667054245303,393.25426671315097,394.7271291352976,15760891,33.51907090010575,-10.110179518357882,-0.8755909652082003,-9.234588553149681
2025-02-27,394.3343505859375,399.1456949128277,392.2723373128528,397.525552328783,19051003,31.383834135038942,-9.99400146330305,-0.607530328122694,-9.386471135180356
2025-02-28,387.853759765625,395.218071659909,385.1044286446103,391.7813927759098,31954776,27.54624416174924,-10.306057223916866,-0.7356688709892083,-9.570388352927658
2025-03-03,390.25946044921875,391.78140630708367,384.12253365869424,388.7865980194929,10702826,30.92298556822409,-10.24118966304087,-0.5366410480905692,-9.704548614950301
2025-03-04,387.70648193359375,390.01397233458835,385.7426654162302,388.2465194896839,13404774,29.35921993575662,-10.277315191657465,-0.4582132613657315,-9.819101930291733
2025-03-05,397.721923828125,405.2826293231856,387.3628037989018,387.3628037989018,15665018,41.794649555295805,-9.389545637686126,0.34364503408448677,-9.733190671770613
2025-03-06,398.3601989746094,402.28783207284374,393.3033473882626,401.747764542559,17869996,42.489474094632506,-8.536079785850177,0.9576887087363488,-9.493768494586526
2025-03-07,396.5927429199219,398.50747602613745,394.432562712498,396.2490690334906,11180761,41.02888735535857,-7.911126341784552,1.2661137222415793,-9.177240064026131
2025-03-10,397.6728515625,399.489387865199,393.1560675022779,393.7943018882363,9785018,42.333475052909115,-7.245172653814848,1.5456539281690276,-8.790826581983875
2025-03-11,398.85113525390625,401.01131538193874,393.94159410093084,394.23615458392493,11099475,43.79424508611161,-6.5468538556201565,1.795178181090975,-8.342032036711132
2025-03-12,404.93896484375,405.8226762942879,396.69094136295917,399.0475152195476,13844306,50.73762207016514,-5.439491139262259,2.3220327179590985,-7.761523857221357
2025-03-13,404.59527587890625,406.90276622215737,400.8149531499511,405.5281006874954,8196569,50.35939012485512,-4.537327547980624,2.5793570473925866,-7.1166845953732105
2025-03-17,400.5694885253906,408.719315135297,399.63666368784595,405.5281132753817,5257805,46.03079925027623,-4.099942214943724,2.4133939043435895,-6.513336119287313
2025-03-18,400.5694885253906,400.5694885253906,400.5694885253906,400.5694885253906,0,46.03079925027623,-3.7105384102574703,2.242238167223875,-5.9527765774813455
2025-03-19,395.75811767578125,403.31882336844717,395.3162769319527,402.5823921632704,12830387,41.1305520994784,-3.7469776805118613,1.7646391175755873,-5.511616798087449
2025-03-20,396.641845703125,399.2929799729773,394.62891583099076,397.6728373693795,16994037,42.3446222198105,-3.662329543281942,1.4794298038444058,-5.141759347126348
2025-03-21,398.212890625,400.12762375553666,394.4325677226245,398.60567790903195,25302035,44.53455588774404,-3.428948307601388,1.3702488316199677,-4.799197139221356
2025-03-24,403.4660949707031,405.38082804931764,398.2619932184889,399.6366587789359,14362572,51.20813660585074,-2.7879643910138157,1.6089861985660328,-4.396950589579848
2025-03-25,402.385986328125,407.73739824308706,401.3059112323006,404.5461964506968,20338110,49.87926119702538,-2.3401598535965604,1.6454325887866306,-3.985592442383191
2025-03-26,399.9803466796875,403.76069957751406,398.90024157095667,402.8769581468943,13891436,46.95652855631009,-2.1545502323775736,1.4648337680044943,-3.619384000382068
2025-03-27,402.0423583984375,403.2697437519979,398.3110889443362,400.6185794021223,18642328,49.67840683243521,-1.8200853466518083,1.4394389229842082,-3.2595242696360165
2025-03-28,402.3369140625,408.08108344123156,400.7658548357284,403.46610258111434,12981873,50.072534761258424,-1.513801176979598,1.396578474125135,-2.910379651104733
2025-04-01,399.2929992675781,406.90278849853894,398.2620075515041,402.38600438126315,15206240,46.05797892956268,-1.4994030655552137,1.1287812684396155,-2.628184333994829
2025-04-02,401.6495666503906,402.5823914949175,398.7038418345742,399.685750106513,8001323,49.437816286875304,-1.2830469982541217,1.076109868592566,-2.359156866846688
2025-04-03,401.99322509765625,402.7787696643111,399.34209084453187,399.68573475414075,7059566,49.9305061571131,-1.0715012916323303,1.030124460171486,-2.1016257518038164
2025-04-04,402.287841796875,405.3317335492131,397.1819066595655,400.12763155444486,18627592,50.376929060393856,-0.8700473256333225,0.9852627409363952,-1.8553100665697178
2025-04-07,398.7038269042969,400.71675676567065,383.09149195819776,383.09149195819776,26762866,45.10798244180167,-0.9882022744650953,0.693686233683698,-1.6818885081487933
2025-04-08,405.08624267578125,408.2774445365288,399.88214085828554,404.4480082967242,18600796,54.27882894049007,-0.5603736711297529,0.8972118696152322,-1.4575855407449851
2025-04-09,408.7684020996094,411.4686498505965,403.8097773067089,405.52811678460984,21785572,58.57843721604453,0.07493921909508572,1.2260198078720568,-1.151080588776971
2025-04-11,413.92340087890625,414.8071422550909,409.4557304346882,412.40145511407445,8939356,63.72201553844871,0.9830624491685285,1.7073144303563996,-0.7242519811878712
2025-04-15,412.7942199707031,421.4350305010776,411.4195544215754,421.4350305010776,11685880,61.9085506267746,1.5932749079828454,1.8540215113365732,-0.2607466033537278
2025-04-16,416.7709655761719,418.3419947920321,410.4376454249374,410.4376454249374,13034594,65.61946744039702,2.3704378809034665,2.1049475874057553,0.265490293497711
2025-04-17,419.5202941894531,420.10944512464874,413.92340525328643,417.3110006565654,22410217,67.9445537245209,3.1716323743548287,2.324913664685694,0.8467187096691347
2025-04-21,415.1999206542969,421.336847381582,413.87433848811077,420.3058257121206,27388236,60.96703691738813,3.418559716854361,2.057472805748181,1.36108691110618
2025-04-22,425.75543212890625,426.9337040743589,415.88723603001415,418.24383985184426,32031936,69.27027638837697,4.415098467877158,2.443209245416782,1.971889222460376
2025-04-23,423.05517578125,429.53577622856506,421.0913592799704,428.3083909152653,19566317,65.43550150083547,4.930142869374038,2.3666029175309293,2.5635399518431083
2025-04-24,422.2696228027344,428.16107218939527,421.53319162940176,424.0370755980093,26064089,64.31993940854343,5.214818526170916,2.1210228594622462,3.0937956667086697
2025-04-25,420.0603332519531,424.87170760222523,415.6417461702055,422.2696267928269,22944377,61.16186142765011,5.202187255779336,1.686713271256533,3.515473984522803
2025-04-28,421.042236328125,422.71149230249586,417.06551998951244,418.9311396302756,6287095,62.053621900167926,5.211335226582889,1.3566889936480688,3.8546462329348206
2025-04-29,418.29290771484375,421.82778335059663,417.31099948077133,421.14043560056143,11189930,58.03547275716892,4.939794343086419,0.8681184881212785,4.07167585496514
2025-04-30,418.0965270996094,421.5332060258665,414.3652876801437,419.6675863161336,10026546,57.74783145552873,4.65508899391142,0.46673051115702346,4.1883584827543965
2025-05-02,421.7295837402344,423.69340019536935,416.42728530446215,416.42728530446215,9263372,61.545070789072305,4.668796284335144,0.38435024126459805,4.284446043070546
2025-05-05,429.0448303222656,430.56677615372786,421.5823214813549,422.4660329307672,11525305,67.81682872926528,5.209882392671489,0.7403490796807537,4.469533312990735
2025-05-06,427.6701354980469,431.69596540271175,425.16628139288804,429.5848686129065,15026568,65.64995446133206,5.4647761110295505,0.7961942384310525,4.668581872598498
2025-05-07,423.3497314453125,427.13008416028316,421.9259824773884,425.5590249840726,9710361,59.24320779641622,5.257554899142917,0.47117842123553544,4.786376477907382
2025-05-08,422.8096923828125,423.6934038020536,415.88722134025767,421.2386332122387,19937960,58.475034681005624,4.99220690308772,0.16466434014427023,4.827542562943449
2025-05-09,415.8872375488281,421.38592987740896,415.34719998420627,418.24384137926455,8226512,49.59736847749919,4.175203307990557,-0.5218714039623142,4.6970747119528715
2025-05-12,427.6210632324219,428.3084110263286,420.40403125825395,421.7296134519522,8031891,60.534631781849214,4.423551790204101,-0.21881833739901602,4.642370127603117
2025-05-13,420.1585388183594,430.026734819032,417.654684739414,427.0318966442069,14976369,52.70191115454584,3.972414872409672,-0.5359642041547561,4.508379076564428
2025-05-14,421.33685302734375,424.0371008235316,418.1947345146855,419.3730364482981,9557309,53.72017534162165,3.667686912205795,-0.6725537314869063,4.3402406436927015
2025-05-15,424.8226013183594,427.52284902460343,418.2929174036252,421.3368389928473,24263510,56.69060060391295,3.665208323725892,-0.5400258559734477,4.20523417969934
2025-05-16,427.81744384765625,428.3083979810754,424.2825680939457,427.03189925490824,16402035,59.11842460365668,3.8604024710006115,-0.2758653669589828,4.136267837959594
2025-05-19,427.4737548828125,430.56675982116076,424.822590669679,427.1300810084491,7543854,58.71166695340723,3.9419223843935924,-0.1554763628528022,4.097398747246395
2025-05-20,427.0318908691406,432.82514353663043,425.068074374028,429.09390418210114,9868414,58.157644439113064,3.9256206586462667,-0.13742247088010195,4.063043129526369
2025-05-21,425.1662902832031,430.27222538595333,424.184381991556,428.70116612622536,5776672,55.764993321320595,3.7192893947677135,-0.27500298780692445,3.994292382574638
2025-05-22,418.39111328125,425.1662742449478,415.248994880322,425.1662742449478,19451749,48.03595197527439,2.974778821547318,-0.8156108488218559,3.7903896703691737
2025-05-23,428.40655517578125,431.05771942265187,421.2386369756667,426.14817819915925,18536884,57.429096364938104,3.156524833299727,-0.5070918696555577,3.663616702955285
2025-05-26,434.8871765136719,435.5254109103499,428.8484465112427,430.32130894917486,13107662,62.19152418736471,3.779919281617822,0.09304206293002926,3.6868772186877927
2025-05-27,426.04998779296875,436.1636608448351,423.0551795877558,434.8871621282408,26986022,53.41606941951825,3.5202968086300643,-0.1332643280461827,3.653561136676247
2025-05-28,420.20001220703125,422.6000061035156,413.0,417.70001220703125,431851622,48.53394715116878,2.8101068265434606,-0.6747634481062295,3.48487027464969
2025-05-29,418.75,422.79998779296875,416.6000061035156,422.0,21478547,47.3780577923814,2.1059956750423794,-1.1030996796858488,3.209095354728228
2025-05-30,418.04998779296875,420.04998779296875,416.3999938964844,419.1000061035156,30656239,46.798599545592644,1.474500258632645,-1.3876760768764669,2.862176335509112
2025-06-02,419.29998779296875,420.45001220703125,414.54998779296875,418.29998779296875,14973380,48.02113309383162,1.0626505704639726,-1.4396206120361112,2.502271182500084
2025-06-03,416.95001220703125,421.70001220703125,415.6499938964844,419.0,13216486,45.886324164648656,0.5404038954368957,-1.5694938296505505,2.109897725087446
2025-06-04,417.0,419.0,415.95001220703125,417.1499938964844,12598933,45.94137664424413,0.1290654538099716,-1.5846658170219796,1.7137312708319512
2025-06-05,419.1000061035156,420.95001220703125,415.75,418.5,13212523,48.32004164155167,-0.02715723098839362,-1.392710801456276,1.3655535704678823
2025-06-06,421.04998779296875,421.29998779296875,419.0,420.29998779296875,8774988,50.49817357726666,0.006309657641509148,-1.0873951302610985,1.0937047879026076
2025-06-09,423.04998779296875,423.6000061035156,420.5,422.0,10473123,52.700117406584404,0.19200240904513066,-0.7213619030859816,0.9133643121311122
2025-06-10,427.0,428.54998779296875,423.04998779296875,424.5,13041075,56.78837917140343,0.6504008101752561,-0.21037080156468502,0.8607716117399411
2025-06-11,426.1499938964844,428.1000061035156,424.8500061035156,428.0,20789182,55.67322905655587,0.9343261269036134,0.058843612130937806,0.8754825147726756
2025-06-12,421.0,427.20001220703125,419.54998779296875,427.0,18508835,49.350110265202424,0.7353014217501368,-0.11214487441803112,0.8474462961681679
2025-06-13,413.8999938964844,419.3500061035156,413.5,415.0,17873926,42.22921456468359,0.004608628295216022,-0.6742701342983616,0.6788787625935776
2025-06-16,418.20001220703125,418.8999938964844,413.25,414.95001220703125,7006629,47.19844855276669,-0.22490259682712122,-0.723025087536559,0.4981224907094378
2025-06-17,417.3999938964844,419.04998779296875,415.70001220703125,418.1000061035156,9028406,46.398794436751956,-0.46597521567798594,-0.771278165109939,0.3053029494319531
2025-06-18,415.8999938964844,418.45001220703125,414.8999938964844,417.0,8036215,44.864005998086554,-0.769197635396722,-0.8596004678629401,0.09040283246621805
2025-06-19,416.0,418.25,414.79998779296875,415.6499938964844,12601006,44.99464316086069,-0.9900215783671911,-0.8643395286667273,-0.1256820497004638
2025-06-20,418.54998779296875,419.5,416.0,416.0,13203184,48.3547870989562,-0.9483316632682772,-0.6581196908542507,-0.2902119724140265
2025-06-23,413.8999938964844,417.5,411.75,417.0,14839890,43.17529501438536,-1.275801109981387,-0.7884713100538885,-0.48732979992749864
2025-06-24,414.3500061035156,420.6499938964844,413.75,416.8999938964844,16690068,43.80265968085319,-1.481928037643172,-0.7956785901725387,-0.6862494474706333
2025-06-25,416.3500061035156,418.1499938964844,415.1000061035156,416.3999938964844,9946718,46.62315972925615,-1.4669912654392192,-0.6245934543748687,-0.8423978110643505
2025-06-26,420.29998779296875,420.8999938964844,416.25,417.20001220703125,13703918,51.77146391722978,-1.1234725625260467,-0.2248598011693569,-0.8986127613566898
2025-06-27,418.6499938964844,422.0,417.79998779296875,421.0,21409935,49.618546768781165,-0.9731543162307048,-0.059633243899211985,-0.9135210723314928
2025-06-30,416.45001220703125,420.75,415.79998779296875,419.79998779296875,12317124,46.822691669490624,-1.01979064759405,-0.08501566021004558,-0.9347749873840043
2025-07-01,415.1000061035156,418.8500061035156,414.8999938964844,417.0,13670465,45.1417585219586,-1.1524003325883427,-0.17410027616347068,-0.978300056424872
2025-07-02,412.95001220703125,416.8999938964844,411.70001220703125,416.8999938964844,15990899,42.52351862197268,-1.4146735267325994,-0.3490987762461817,-1.0655747504864177
2025-07-03,413.3500061035156,416.0,411.25,414.0,14185298,43.183762307407186,-1.5721282423484695,-0.40524279348964143,-1.166885448858828
2025-07-04,412.54998779296875,415.0,411.75,414.8999938964844,8256733,42.14108237540583,-1.741393332149869,-0.45960630663283264,-1.2817870255170363
2025-07-07,416.1499938964844,417.20001220703125,412.0,413.0,6845218,48.20191430992943,-1.5669835186693604,-0.22815719452185923,-1.3388263241475011
2025-07-08,417.20001220703125,418.1000061035156,414.6499938964844,416.1499938964844,6807192,49.85195355788553,-1.328718146939707,0.008086541766235467,-1.3368046887059424
2025-07-09,419.45001220703125,420.29998779296875,415.45001220703125,416.20001220703125,9930533,53.28593949747673,-0.9474137315168605,0.3115127657512655,-1.258926497268126
2025-07-10,416.8500061035156,420.29998779296875,416.3999938964844,420.29998779296875,6220360,49.101690946345876,-0.8452821125171681,0.3309155078007664,-1.1761976203179345
2025-07-11,416.79998779296875,418.04998779296875,415.5,417.0,8578844,49.021940214418585,-0.7596216823755526,0.33326075035390557,-1.0928824327294582
2025-07-14,419.3999938964844,419.95001220703125,416.54998779296875,417.04998779296875,6896989,53.27065837986328,-0.4764442581109165,0.49315053969483347,-0.96959479780575
2025-07-15,422.1000061035156,422.3999938964844,419.0,420.8999938964844,8532755,57.25482727970786,-0.03376645041265647,0.7486626779144749,-0.7824291283271314
2025-07-16,424.6000061035156,425.45001220703125,420.29998779296875,422.1000061035156,9780773,60.60415371701572,0.5128758940849707,1.0362440179296817,-0.523368123844711
2025-07-17,423.95001220703125,425.8999938964844,423.0,425.79998779296875,7240795,59.30308087811463,0.8834608287258447,1.1254631620564446,-0.24200233333059987
2025-07-18,422.75,425.20001220703125,420.1000061035156,425.20001220703125,6730256,56.875436697920414,1.0680097515590319,1.0480096679117055,0.0200000836473265
2025-07-21,420.1000061035156,422.75,418.3999938964844,422.0,4822343,51.82963879717822,0.9890327876597098,0.7752261632099067,0.2138066244498032
2025-07-22,416.0,420.3999938964844,415.20001220703125,420.1000061035156,9869507,45.15489959626204,0.5888192061172504,0.3000100653339577,0.2888091407832927
2025-07-23,414.95001220703125,417.8999938964844,414.0,417.1000061035156,12196187,43.60612559168887,0.18479165639712392,-0.083213987508935,0.2680056439060589
2025-07-24,409.95001220703125,415.8500061035156,409.45001220703125,415.8500061035156,9005157,37.08334833895994,-0.5327204313482525,-0.6405808602034492,0.10786042885519664
2025-07-25,409.3999938964844,410.25,407.75,410.0,5824089,36.437653558388426,-1.13267899288644,-0.9924315373933094,-0.14024745549313067
2025-07-28,409.8999938964844,410.8500061035156,408.6000061035156,410.79998779296875,8123337,37.50298597761528,-1.549937934343518,-1.1277523830803098,-0.42218555126320817
2025-07-29,408.45001220703125,411.3999938964844,408.0,410.0,6811772,35.637591182297655,-1.9748551550500792,-1.2421356830294967,-0.7327194720205824
2025-07-30,407.6000061035156,409.29998779296875,405.75,409.0,10914615,34.552591166926824,-2.353068790299517,-1.2962794546231475,-1.0567893356763693
